abegegen => Ablegegen, abgegeben, Liegegen, belegen, ablege-gen, bewegen, abgeben, begegnen, ablegen, begeben, begehen, abgelegen, abbiegen, abgehen, abwegigen, begegne, abliegen, abregen, abwiegen
abgabenordung => 
Ablitzieren => 
Abrollung => Abholzung, Abfüllung, Abholung, Abrollen, Abrollens, Abrollend
ABSCHLUSSZEUGNISES => 
Abyss => Abtes, Abgas, Ablass, Amboss, Bass, Abels, Abguss, Biss, Asyls, Abcs, Abis, Abos, Abriss, Abs., Ass, Seyß, Babys, Gabys, Abbiss, Abesse
Abysses => Ulysses, Abrisses, Abgases, Ablasses, Abgusses, Ambosses, Asses, Abesse, Abessen
ADP => FDP, AKP, NDP, AGP, AG, Amt, Art, DDR, SPD, CD, CDU, DB, KPD, ARD, Abt, Ali, CDs, NDR, PDS, WDR
agentureigenen => 
alkoholikertyischen => 
Alkolenkerin => 
Ampass => Anlass, Ablass, Amboss, Kompass, Pass, Ammans, Bypass, Zupass, Amways, Anpasst, Absaß, Pampas, Abmaß, Abpasse, Abpasst, Anpasse, Aufaß, Am pass
Andreastag => 
Andrin => Andria, André, Andrea, Adria, Adrian, Anden, Andrés, Drin, Andrang, Android, Anilin, Andren, Inderin, Andre, Andres, Andrias, Ankyrin, Admin, Andrei, Andreis
Angehörigearbeit => Angehörigenarbeit
ankumfs => 
Anmledung.. => 
anonymste => anonyme
anrufgen.für => Anrufgen.für
antisemitistischen => antifeministischen
Anwendungstips => Anwendungstrips, Anwendungstier, Anwendungsteins, Anwendungspins, Anwendungsteigs, Anwendungstick, Anwendungsticks, Anwendungstopp, Anwendungstrip, Anwendungstyps, Anwendungsgips, Anwendungstipps, Anwendungstipp, Anwendungstyp, Anwendungseis, Anwendungshits, Anwendungsriss, Anwendungsnils, Anwendungstals, Anwendungskies
Apelt => Spielt, Welt, Hielt, Adel, Adels, Apple, Aspekt, Axel, Opel, Zielt, Abel, Apfel, Appell, Spalt, Zelt, Ampel, Abels, Ampeln, Apoll, Spült
Aquesation => 
arbeitsanreizneutral => 
arbeitswirtschaftlichen => 
Arbeitszeitne => Arbeitsteine, Arbeitszeiten, Arbeitszeit, Arbeitsseite, Arbeitszeitung, Arbeitsweite, Arbeitsweiten, Arbeitsleiten, Arbeitsbeine, Arbeitsweine, Arbeitszeile, Arbeitszeilen, Arbeitsleine, Arbeitsreiten, Arbeitszelte, Arbeitszentner, Arbeitszinne, Arbeitszitze, Arbeitsseiten, Arbeitszeit-
architektureigenen => 
Armutsflütlinge => Armutsflüchtlinge, Armutsfrühlinge
Artwork => Artwerk, Antwort, Artyork, Artwort, Artkork, Artword, Artform, Artdorf, Artpark, Artwerke, Artfort, Artmark, Arttor, Arttore, Artvolk, Artbord, Artlord, Artmord, Artnord, Artwolf
Athocave => Atomare, Atonale
aufftritte => aufritte, Auftritte, Luftritte, auftritt, Duftritte, Lufttritte, Ruftritte, Kauftritte, Lauftritte, Wurftritte, Dufttritte, Huftritte, Zupftritte
Aufwärmungsübungen => Aufwärmangstübungen, Aufwärmlängsübungen
ausenwelt => Pausenwelt, auspendelt, Busenwelt, Augenwelt, Judenwelt, Eisenwelt, Rassenwelt, Hosenwelt, Massenwelt, Rosenwelt, Arsenwelt, Daumenwelt, Dosenwelt, Eulenwelt, Fugenwelt, Hasenwelt, Kassenwelt, Besenwelt, Bubenwelt, Düsenwelt
ausgestrent => ausgestreut, ausgestreckt, aufgestrebt, aufgestreut, ausgestreute, ausgeströmt
Aussiedlungsgesellschaft => 
Autistenbeauftragten => Autist-beauftragten, Autisten beauftragten
Awo => Wo, Abo, Apo, Zwo, So, AG, Amt, Art, Pro, ARD, Abt, Ali, Leo, Rio, ABC, AEG, AMD, Akt, Aue, Uwe
Badass => Dass, Sodass, Badens, Bades, Bagdads, Banats, Radars, Basars, Sadats, Baals, Baders, Bads, Bahasa, Bass, Bazars, Bypass, Dasaß, Besaß, Blass, Absaß
Badessen => Badeseen, Dessen, Badeösen, Indessen, Badesein, Badesohn, Babesien, Badesüden, Badenser, Badewien, Badensern, Badeosten, Baissen, Badesan, Bemessen, Badesee, Blessen, Badesieg, Abessen, Badestein
balisttate => 
Baryonenzahl => Barfonemzahl, Baryonen zahl, Barionenzahl, Barzonenzahl, Barbodenzahl, Barinnenzahl, Barbotenzahl, Bartotenzahl, Barbogenzahl, Barhosenzahl, Barminenzahl, Barnotenzahl, Barrosenzahl, Barbohnenzahl, Bardosenzahl, Barforenzahl, Barkontenzahl, Barporenzahl, Barahnenzahl, Barvenenzahl
Baubeschrieb => Bau beschrieb
bbs-ehs-Trier => 
Beach => Bach, Nach, Buch, Brach, Besuch, Reich, Dach, Fach, Flach, Bauch, Beck, Bruch, Busch, Teich, Euch, Weich, Bachs, Bloch, Bosch, Coach
Bedienbarkeitsmetriken => 
Befallfläche => 
Beibehaltungsgenehmigung => 
ben => Ben, den, bei, oben, bin, eben, gen, wen, Yen, Gen, Ken, Ren, Zen, Üben, üben, der, in, des, von, an
Beneteau => Bénéteau
benötigt.ügen => 
berts => Berts, Beats, Nerds, gehts
Beruferlaubnis => Berufserlaubnis
beschtatigen => beschäftigen
Beschuzungsmoeglichkeiten => 
bestechbar => bestellbar, Besteckbar, besprechbar, besteigbar, bestückbar, besuchbar
betrugfrei => betrug frei
Bierman => Viermal, Birma, Hieran, Bieren, Birmas, Bermen, Bier man, Bergan
bildungsromanitische => 
BKleingG => 
Blanchard => 
BLUTUNGSRATE => Blutungsrate
BOKU => AOK, BKA, NOK, BDK, NOKs, BKK, OmU
Borchardt => Burchard, Bernhardt, Borchert, Burghardt, Burchards
Bordunton => Bordunion, Bordkanton, Bordbeton, Bordenten, Bordunzen, Bordanion, Bordketon, Borduntat, Bordjeton, Bordponton, Bordunken
Brancheninteressierten => Branchen interessierten
brr => bar, irr, der, er, für, war, über, bei, bis, zur, aber, nur, vor, ihr, Art, Ort, dar, her, pro, Uhr
Brussilow-Offensive => 
bues => Kues, bums, des, aus, für, bei, bis, es, dies, muss, neues, bauen, uns, ums, wies, Sees, Süd, aufs, gutes, quer
Buller => Bulle, Butler, Bullen, Böller, Buhler, Aller, Bilder, Müller, Voller, Keller, Heller, Basler, Bull, Bunker, Haller, Möller, Pulver, Bälle, Euler, Koller
Bundesfrewilige => 
Burgstaller => Burgstalker, Burgsmüller, Burgsteller, Burgstapler, Burgstalles, Burgstollen, Burgsattler, Burgstarter, Burgstaufer, Burgställe, Burgställen, Burgstammler, Burgstrahler, Burgspalier, Burgsöller, Burgknaller, Burgstellers, Burgstalkern, Burgstalkers, Burgstall
Cabriobus => Cabrios
Camino => Casino, Camion, Marino, Kamin, Casinos, Kamine, Kasino, Kamins, Cammin, Cammins, Camping, Carina, Domino, Kamin-, Lamine, Latino, Gaming
Casinoatmosphärekenner => 
CAT-Tools => 
Channel => Chanel, Chance, Cannes, Chancen, Handel, Hangel
Charm => Cham, Charme, Chart, Charts, Chor, Hart, Clara, Arm, Warm, Chaos, Charta, Chur, Chöre, Darm, Chors, Chrom, Chaco, Charmes, Chaot, Alarm
Chuan => China, Juan, Khan, Chur, Clan, Bhutan, Cham, Human, Wuhan, Celan, Chat, Churs, Thun, Yuan, Thurn, Ceran, Chuck, Cyan, Schwan, Sichuan
CI => CD, CIA, GI, PCI, ICI, AI, Ch, Co, II, VI, XI, CGI, KI, MCI, UCI, UI
Cinderella => 
Ciphertext => 
Combi => Kombi, Bombe, Bambi, Gobi, Comer, Comic, Zombie, Bombig, Bombt
Core Facility => 
DaF- => Dach, DFB, Damm, Darm, Dana, Dahn, Daum, DFÜ, Bar-, Bau-, Dach-, Dada, Dagö, Dali, Dame, Damm-, Dank, Dank-, Dari, Darm-
Dammen => Damen, Daumen, Damme, Dammes, Rammen, Dammer, Dimmen, Dämmen, Jammen, Namen, Kamen, Stammen, Rahmen, Nahmen, Daten, Sammeln, Kammer, Samen, Armen, Warmen
Dan => Dahn, An, Man, Van, San, Jan, Dana, Ran, Dtn, Dank, Daun, Don, Fan, Pan, In, Den, Von, Das, Ein, War
Darüberhinaus => Darüber hinaus
Dei => Bei, Sei, Deo, Drei, Der, Die, Den, Des, Dem, Ein, Er, Es, Sie, Wie, Sein, Seit, Zwei, Beim, De, Mai
Delivery => 
demensschuppen => 
deminsionierten => demissionierten, dimensionierten, demissionieren, demissionierte, demissioniertem, demissionierter, demissioniertes, demissioniertet
dennch => dennoch, danach, denn, Mensch, demnach, Henoch
Depositarmacht => Depositenmacht
Dettling => Nestling, Petting, Setzling, Wittling, Setting
deutschlehrerin => Deutschlehrerin
Diabetisprobleme => 
dieErdbeere => 
DieStadtverwaltung => 
Direkteweg => Direktweg, Direktere, Direkt-weg, Direkterem, Direktzwei, Direkteren, Direktsieg, Direkterer, Direkteier, Direkteres, Direktzweig, Direkte weg, Direkteden, Direktehen, Direktesel, Direktzwerg, Direktsteg, Direktumweg, Direkteber, Direktekel
diskussieren => diskutieren
Dominic => Domiris, Dominik, Domknie, Dominica, Domindiz, Domizil, Dominuit, Domini, Domunix, Domina, Domknick, Dominas, Domanis, Dominat, Domirin, Dominicas, Dominiks, Domino, Domindio, Domino-
dr => der, er, da, de, dar, du, Mr, dir, Ar, Fr, Ur, d, dB, dm, r
Dry => Dr., Er, Art, DDR, Ort, Pro, Dorf, DB, DIN, DVD, DNA, Dom, Mary, DFB, Dirk, Mr, Arm, Ära, DGB, DKP
durchzuschauebar => 
Dy => DB, Y, DJ, Da, De, Du, D, Dm
ECTS => ETH, EADS, UMTS, EFTA, EWS, DECT, DCTP, CETA, CMS, CSS
eieptnerrin => 
eigenmaschigen => 
einetotalen => eine totalen
einhalb => einmal, Einhalt, einhält, einholt, eingab, einhake, einhakt, einhalte, einhaue, einhaut, einhieb, einhob, einhole, einsalbe, einsalbt, einwarb, ein halb
Einsatzreicher => Einsatz reicher, Einsatzsicher
einweindfrei => einwandfrei
einzelvertretungsberechtigten => 
einzigste => winzigste, einzige, einigte, eifrigste, eiligste, eingipste, einigst, einniste, einzogst, eisigste, findigste, geizigste, hitzigste, innigste, neunzigste, sinnigste, windigste, winzigst, winzigstem, winzigsten
Eissen => Eisen, Wissen, Rissen, Kissen, Hissen, Einsen, Missen, Bissen, Essen, Pissen, Dessen, Diesen, Lassen, Müssen, Außen, Hessen, Fassen, Messen, Rassen, Russen
Emailaccount => 
Emailanbieter => 
endefeckt => 
Energiespar => Energiespur, Energiesaar, Energiespaß, Energiespam, Energiespan, Energiespar-, Energiespat, Energiestar, Energiesan, Energieoper, Energiesport, Energiestart, Energiepaar, Energiesir, Energiebar, Energiesaal, Energiesparta, Energiestab, Energiezar, Energiehaar
entsteinter => entsteinte, entsteinten, entsteintet, entstellter, entsteine, entsteinen, entsteint, entsteintest, entsteint er
equivalent => äquivalent, Äquivalenz, Äquivalents, äquivalente
Erasmus-Mundus => 
ESTI => ETH, EStG, EFTA, SGI, LSI, MITI, ASTA, BSI, ESA, UST
etc => et, etc., ein, er, es, etwa, ehe, elf, eng, Netz, Bett, Metz, euch, ex, fett, Jets, Ute, hoc, nett, Mets
etz => Netz, Metz, Utz, Itz, Wetz, et, setz, wetz, ein, er, es, etwa, jetzt, setzt, Sitz, ehe, elf, eng, Satz, Herz
EU-ETS => 
eutymes => 
exetirende => 
exzellier => exzelliere, exzelliert, exzellieren, exzellierst, exzellierte
Familiemitglied => 
Fashionbedarf => Fashion bedarf
fehlerhafterweise => fehlerhaft-weise, fehlerhaft erweise, Fehlerafterweise, fehlerhafter weise, Lehrerafterweise, Kellerafterweise, Wählerafterweise, Tellerafterweise, Zählerafterweise
Finanzlichen => Finanzleichen, Finanzeichen, Finanzlachen, Finanzlichten, Finanzlochen, Finanzreichen, Finanzziehen, Finanzkirchen, Finanzlicht, Finanzlinien, Finanzwochen, Finanzzeichen, Finanzsichern, Finanzsuchen, Finanzaachen, Finanzlehen, Finanzdichten, Finanzrichten, Finanzjochen, Finanzleiche
Fischkrätenzange => Fischkrötenzange, Fischartenzange, Fischkartenzange, Fischknotenzange, Fischkräftezange, Fischküstenzange, Fischkantenzange, Fischkastenzange, Fischtränenzange, Fischkistenzange, Fischkontenzange, Fischkrisenzange, Fischkräuterzange, Fischkettenzange, Fischkostenzange
floskel => Floskel
Flucke => Flocke, Flecke, Fluke, Glucke, Fläche, Flucht, Flecken, Glocke, Blöcke, Flanke, Fleck, Fluch, Drucke, Funke, Flick, Fluge, Flecks, Flüche, Fluchs, Blicke
foot-lamberts => 
Foßnoten => 
FreiwilligerInnen => Freiwillige rinnen, Freiwilliger innen
Fressalienbilder => Fressmarienbilder, Fresskleinbilder
fruehstmoeglichste => 
Frühjahrstemeraturen => 
frundlichengrußen => 
früshstuck => 
fukzionirt => 
fur => für, zur, nur, fuhr, pur, Rur, Dur, Kur, Our, furz, der, auf, aus, er, war, zu, um, zum, vor, ihr
Galvanometerscanner => 
Gameserver => Nameserver, Samenserver, Nameservern, Damenserver, Dammserver, Nameservers, Gastserver, Gabelserver, Güteserver, Gaumenserver, Kamelserver, Ladeserver, Badeserver, Galaserver, Gangserver, Gasserver
gans => Gans, ganz, Hans, ans, Fans, gang, Jans, Pans, als, an, aus, das, dass, kann, man, dann, gab, ins, was, fand
Gartel-Saison => Garten-Saison, Gürtel-Saison, Bastel-Saison, Gabel-Saison, Kartei-Saison, Kartell-Saison, Karten-Saison, Mantel-Saison, Partei-Saison, Sattel-Saison, Warte-Saison, Arten-Saison
Gastwissenschaflter => Gastwissenschaftler, Gastwissenschaften, Gastwissenschaftlern, Gastwissenschaftlers, Gastwissenschaftler-, Gastwissenschatter, Gastwissenshalfter, Gastwissens-halfter
GdB => GB, MdB, GdP, GiB, DB, Da, De, Du, BGB, VfB, Ad, DFB, KB, MB, DGB, GHz, GPL, GPS, Gau, Ida
Geburstag => Genusstag, Geburtstags, Gebertag, Gebisstag, Gebetstag, Geburtstag, Gebärtag
Geburstagskartegesickt => 
geduldsam => duldsam, gedulds-, unduldsam
gegurstag => 
geleifered => 
geordneterere => 
geradegerückten => geradegerückt, geraderückten, gerade gerückten
geraumten => geraubten, geräumten, gerahmten, gerammten, beraumten, geraumen, geraunten, gerauten, gesamten, gebauten, geraten, geraumer, verarmten, gekauften, getauften, beraubten, geraubte, geraume, gereimten, gesäumten
gescheget => geschehen, geschenkt, geschadet, geschehe, gescheckt, gescheut, gescheit, gescheite, geschellt, geschert, gescherte, gescherzt, gescheuert, gescheute
Geschichteklasse => Geschichte klasse
Geschichtelehrer => 
Geschichtestudium => 
Geschlichitchkeit => 
gesteh => gesteht, gestehe, besteht, besten, gelten, Westen, beste, bester, feste, festen, Reste, bestes, fester, bestehe, festes, testen, Nester, Resten, festem, gelte
gesundliche => gesundmache, gesangliche, gesund-eiche
giant => gibt, ganz, gilt, ging, dient, galt, glatt, plant, Kant, Saint, Diana, Fiat, gang, piano, Liane, galant, gießt, sinnt, eint, geahnt
gin => Gin, in, ein, ging, hin, bin, min, gen, gib, Ein, Pin, Yin, gis, die, den, im, mit, von, an, eine
Gopinathan => 
Grand => Grund, Brand, Grad, Gran, Grande, Grani, Grind, Fand, Rund, Stand, Band, Land, Graf, Frank, Hand, Rand, Grab, Graz, Gründe, Iran
Graubärte => Grauwerte, Graubart, Graubartes, Graubarts, Graubrote, Graubär, Graubären, Graubärs, Graubärtig, Graubärtige, Graufärbe, Graufärbte
Grelck => Dreck, Treck, Geck, Reck, Grell, Grelle
Grossbrittanien => 
grundlange => 
Grusselkabinett => Gruselkabinett, Größenkabinett
Gutdeutsch => Undeutsch, Altdeutsch, Ostdeutsch, Urdeutsch, Gut deutsch
Haarverliebte => Haar verliebte
Häfenbrücke => 
häge => läge, Säge, hänge, hege, säge, wäge, Lage, habe, hohe, hätte, wäre, Länge, Nähe, Tage, Zuge, hält, hängt, Züge, enge, Auge
Haranni => Havanna
Harberger-Dreieck => 
Hardware-in-the-Loop => 
Hash-Funktionen => Hass-Funktionen, Hashfunktionen, Bach-Funktionen, Bass-Funktionen, Dach-Funktionen, Fach-Funktionen, Gas-Funktionen, Gast-Funktionen, Haar-Funktionen, Hack-Funktionen, Haft-Funktionen, Halb-Funktionen, Hals-Funktionen, Hand-Funktionen, Hanf-Funktionen, Hang-Funktionen, Harn-Funktionen, Hart-Funktionen, Hasel-Funktionen, Hasen-Funktionen
Hauk => Hauch, Haus, Haut, Auf, Aus, Bau, Kaum, Hans, Park, Paul, Raum, Laut, Bank, Hall, Hand, Mark, Dank, Sank, Baum, Haft
Heinker => Heiner, Henker, Einer, Seiner, Keiner, Einher, Linker, Reiner, Feiner, Meiner, Heine, Denker, Heike, Heimkehr, Henkel, Deiner, Blinker, Heines, Heizer, Herner
Heizungregelung => Heizungsregelung
Hellmann => Hermann, Tillmann
Henrik => Henri, Hendrik, Henris, Henry, Hendrix, Herrin, Metrik, Henk, Hektik, Henrys, Hentig, Hendriks
Herunterladung => Herunterladen, Herunterladens
Hirek => Direkt, Aires, Dirk, Hirten, Hörer, Viren, Wirke, Hirte, Birke, Hirn, Hirse, Hure, Hirns, Harem, Hieb, Hirn-, Hirne, Hirnen, Hirnes, Hore
Hochwasser-katasprothe => Hochwasser-Katastrophe
hockeyähnliche => 
Hohentauern => 
hohrere => hohlere, mehrere, hoher, höhere, Bohrer, hohler, Bohrern, Bohrers, bohnere, hehrer, hochrede, hofiere, hohlerem, hohleren, hohlerer, hohleres, holpere, wahrere, wohlere
Hollandaise => Hollandreise
Home => Hofe, Homer, Hose, Hume, Häme, Dome, Holme, Homo, Homs, Hore, Vom, Name, Hohe, Höhe, Rom, Hof, Holz, Tode, Tore, Rote
Humvees => Humes, Hummers, Humpens, Humanes, Humides, Humoses, Humöses
Husseini => Hussein, Husseins, Hussen
HvO => HwO, Hof, ISO, Eva, HP, UNO, HIV, Hbf, Hut, Hz, PLO, APO, Heu, ILO, Ivo, NGO, UFO, HCl, Huf, HPs
iBlali => Bali, Halali
ichbin => Schein, ich bin
iemeladrese => 
Illusionszauber => Illusion-zauber, Illusion-zauber-
Immobilienmakeln => Immobilienadeln, Immobilien makeln
industrielastige => 
Informatinsfräger => 
Inhouse-Lösung => 
Interaktionseffekt => 
interresant => interessant
inzentiviert => intensiviert
Jagtflugzeug => 
jDPG => FDP, LPG, NDP, DPA, BDSG, DFG, DWG
Jhd => Jh., Jod, Und, Jahr, Ihm, Ihn, Ihr, Tod, Bad, John, Uhr, Ehe, Ha, Jan, Hl, Jagd, Jim, Süd, Ad, Lud
job => Job, ob, Bob, hob, Lob, Mob, job-, wob, von, ab, so, vom, vor, gab, wo, je, zog, Tod, Rom, bot
Joris => Boris, Doris, Jogis, Paris, Louis, Chris, Jones, Jurist, Korps, Morris, Worms, Worin, Dosis, Forts, Iris, Johns, Jonas, Lords, Dorfs, Jobs
Jour-Fixe => 
jugendheit => 
Karmasin => Karmas, Karmin, Sarasin, Karmas in
Katherine => Catherine, Katharina, Materie, Katrin, Laterne, Kathrin, Catherines, Materien, Kateridee, Katern, Kathrins, Katrins, Latrine, Catering
KatzeFutter => Katze Futter
Kaufmännischenbereich => 
kennlernen.serhhubsch => 
kielaufwärts => Kiel-aufwärts, Viel-aufwärts, Ziel-aufwärts, knie-aufwärts, viel-aufwärts, ziel-aufwärts
kinosologischen => kinesiologischen
Klopse => Klose, Klapse, Kloppe, Klops, Klasse, Kopie, Lose, Klappe, Klause, Klippe, Kloake, Klone, Knospe, Glosse, Flops, Kolosse, Kopfe, Korse, Flosse, Klaps
Klosterlausnitz => Klosterlausitz
Kommuniukationsfähigkeit => Kommunikationsfähigkeit
kompenten => Domenten, kommenden, Pumpenten, kompletten, Topenten, kompakten, kompetent, kompetenten, Momenten, koppelten
kontzentirenen => 
Konvektions-Kanäle => Konfektions-Kanäle
Kopieraum => Kopiertem
Korpen => Korken, Korsen, Kerpen, Worden, Norden, Körper, Sorgen, Karten, Toren, Worten, Kopien, Korea, Korps, Normen, Sorten, Formen, Kolben, Koran, Korn, Kronen
Kreutzschlitzschrauben => 
KrimiRoman => Krimi Roman
kritzel => kitzel, kritzele, kritzeln, kritzelt, kritzle, Drittel, Spitzel, Ritzel, kratzen, ritzen, kitzeln, Kitzel, kratze, ritze, Fitzel, Gekritzel, Kritzeln, drittel, frotzel, kitzele
kryogenen => erzogenen, erogenen, erwogenen, erlogenen, kariogenen, kryptogenen, pyogenen, pyrogenen
kryptierten => eruptierten, kooptierten, krepierten
kumft => kommt, Luft, kämpft, ruft, kauft, kraft, Duft, Zunft, pumpt, surft, zupft, summt, bumst, kamst, kamt, keift, kifft, klumpt, knufft, kurst
kunstoffindustrie => 
Lachslasagne => 
langwalig => langweilig, langhalsig, langnasig, langwellig
LASK => LSK, NASA, BASF, AK, AOK, LAN, LSD, SAS, LSV, LGS, LSI, LANs, LAT, LDK, LK, LfS, ASV, HAK, LRS, ZAK
Lehmschalwand => Lehmschwallwand
Leiblingshobby => Lieblingshobby
Leinengurtel => Leine-gurgel, Leinengürtel, Leinengürteln, Leinengürtels
leistungsentspechend => 
leitzke => leitete, letzte, leite
Leschanowsky => 
Lestrade => Lest-adel, Gestade, Estrade, Tetrade, Bestrafe
Lieberberg => Liebe-berg-, Lieberer, Liebe-berge
Lieferantentage => Lieferattentate, Lieferanten tage, Lieferuntertage, Lieferartentage, Lieferaktentage, Lieferententage, Lieferaltentage, Lieferanteiltage, Lieferaugentage, Lieferdatentage, Lieferinnentage, Lieferalpentage, Lieferasientage, Lieferknotentage, Lieferbotentage, Liefertotentage, Lieferaktientage, Lieferaffentage, Lieferagententage, Lieferaktetage
Lobbieren => Lorbeeren, Logieren, Plombieren
Ltr => Der, Er, Für, War, Zur, Nur, Vor, Ihr, Art, Ort, Dar, Her, Uhr, Gar, Per, Wir, Tor, Mir, Wer, LKW
Lumenzahlen => Lumen zahlen
Madalina => Magdalena, Madeline
Magic => Magie, Mai, Maria, Main, Marie, Marc, Mario, Mafia, Magen, Magd, Magier, Magma, Maxim, Magda, Margit, Maggi, Agil, Basic, Hagia, Mac
magnetfeldfrei => 
Mannschschaft => 
Matlab => MATLAB, Malta, Maltas, Malat, Mitgab, Malad, Mitlas
MediaKit => Mediaset, Media Kit, Mediamix
medias res => 
meisteverfilmete => 
Mephistoles => Mephistos
mesotopische => mesoskopische, mesozoische
mier => mir, hier, vier, Eier, Tier, Bier, Pier, Gier, mied, mies, zier, Vier, Zier, gier, der, die, mit, er, über, einer
Mikrocontrollerhardware => 
Millenarie => Villenarie, Zellenarie, Gallenarie, Wellenarie, Ellenarie, Hallenarie, Minenarie, Rollenarie, Bullenarie, Willensarie, Dielenarie, Höllenarie, Brillenarie
µm => im, am, um, km, cm, mm, qm, dm, m
Mise-en-scène => 
Missionariesierung => 
Mitterlehner => Mitte-lehne, Mitte-lehnen
Mittlerschüler => 
Mosfet => Moses, Kostet, Mosel, Moser, Monet, Moslem, Rostet, Mostes, Mose, Most, Lostet, Mostet, Tostet, Postet, Mordet, Mistet, Mopstet, Morstet, Mosert, Mosre
Motorad => Motorrad, Motor, Fotorad, Motoren, Rotrad, Motors, Bootrad, Motorik, Mordrad, Motor-, Mondrad, Motor ad, Moorrad, Zoorad, Solorad, Kontorad, Lottorad, Autorad, Mitrad, Moderad
Mühlensymbol => Mühle-symbol-, Höhlensymbol, Zahlensymbol
münlichliche => 
musculus => muskulös
Muster-dienstanweisung => Muster-Dienstagweisung
MVZ => MV, Mai, SV, TV, DVD, KZ, MHz, VW, BVG, MB, MDR, MfS, Mk, Mr, NVA, PLZ, FAZ, Mao, Mut, MBB
Nachfullflasche => Nachfüllflasche, Nachfüllflaschen
nachtiele => nachließe, Nachteile, nachwiese, nachspiele, achtele, nachziehe, nacheile, nachliefe, nachgieße, nachwiege, nach-ziele, nachriefe, nachstiege, nachtrete
Nafplion => 
nähersten => nähe-ästen, näherten, näheren, näherte, nähernden, nährten, näherst, näherstand, näherstehe, näherstehen, nähersteht, nähertet
nästes => erstes, bestes, Gäste, festes, nächstes, Gästen, nisten, nistet, Kästen, Gastes, Käses, Mastes, Nestes, nasses, nettes, neustes, nähte, wüstes, Astes, mästen
Naturbeobacht => Naturbeobachter, Naturbetracht, Naturbeobachten, Naturbeinacht, Naturneonacht
nichtmehr => nichtleer, nicht mehr
NN => NT, CNN, NL, NS, Nu, UN, KN
nog => zog, sog, wog, bog, log, Gog, Kog, Sog, von, noch, nur, so, vom, vor, wo, neu, nun, Tod, lag, nie
Ø => 
ode => Ode, oder, de, Tode, Bode, ade, rode, Bde, Code, Kode, Mode, Ude, öde, der, die, den, des, dem, sie, wie
ÖH-Vorsitzenden => 
ÖKOBEWUSST => Ökobewusst
onenaigth => 
Orthmann => Artmann, Amtmann, Ostmann, Bethmann, Ortsmann, Ortband, Mitmann, Altmann, Frühmann, Rotmann, Tatmann, Aktmann, Extramann, Hutmann, Wutmann, Rohmann, Drehmann, Astmann, Notmann, Oralmann
Oswiecim => 
Ozeana => Ozean, Ozeans, Ozeane, Ozean-, Ozeanen
Palitzschhof => 
Palmerston => Palme-stoß, Alterston
Pansionskasse => Pensionskasse
Patric => Patrick, Paris, Matrix, Partie, Patricia, Patron, Katrin, Petri, Patras, Patriot, Patin, Patricks, Catrin, Patio, Patre, Patres, Patrize, Paarig, Patzig
Peeptoe => Pepton, Peppte, Piepte
Personalkosten-Staf => Personalkosten-Tab, Personalkosten-Tau, Personalkosten-Etat, Personalkosten-Graf, Personalkosten-Stab, Personalkosten-Star, Personalkosten-Stau, Personalkosten-Taft, Personalkosten-Tag, Personalkosten-Tal, Personalkosten-Tat, Personalkosten-Traf
Personenzentrierte => Personen zentrierte
Peschorn => Festhorn, Geschoren, Westhorn, Keschern, Resthorn, Pechern, Pelzhorn, Lesehorn, Passhorn, Peilhorn, Posthorn, Testhorn
Pharmazie-Arschkriecherei => Pharmazie-Arschkriecher, Pharmazie-Arschkriechern, Pharmazie-Arschkriechers
Pillenzwangspause => 
Privatjetanbietern => Privatbeatanbietern, Privatjapanbietern, Privatbetonbietern, Privattitanbietern, Privataltanbietern
pro-bono => 
Project => Projekt, Prozent, Projekte, Projekts, Protest, Projekt-, Prolet
Proxmox => 
-Prozent-Abschreibung => 
psychotherapieausbildung => 
Publishing => 
Pulper => Pulver, Pulpe, Pulpen, Pilger, Pumpe, Puppe, Puppen, Euler, Popper, Puffer, Wupper, Super, Pieper, Polder, Poller, Puder, Pulsar, Pulvers, Tulpe, Tulpen
Quarzkörnern => 
rade => rate, raue, Jade, Wade, grade, rare, fade, ade, lade, rage, rode, bade, Bade, Grade, Lade, Made, rad-, radel, radle, rase
RAK-WB => 
Rechtsanwaltfachangestellter => 
Rechtschutzversciherung => 
rekodifizierte => kodifizierte
Rerticle => Fertile, Rettiche, Verticke
Restauranten => Restatlanten, Restaurant, Restmutanten, Restaurants, Restgaranten, Restquanten, Restaktanten, Restausarten, Restfuranen, Restaura-gen, Restaura-tun
Rezonassboden => 
Ringo => Ringe, Bingo, Dingo, Ring, Ring-, Rings, Ging, Dinge, Kino, Rio, Fing, Singt, Diego, Kongo, Riga, Ringer, Hing, Ingo, Rico, Rinde
ROYALS => Royals
Ruckscklusse => 
Ruckwanderungsquote => Rückwanderungsquote, Rückwanderungsquoten
ruebergelaufen => 
russichsprechende => 
SAC => SAP, SAS, FC, USA, AG, SPD, SV, San, See, SPÖ, BBC, PC, SED, SMS, Sir, Süd, ABC, RAF, RAM, RFC
Sales => Wales, Salem, Saales, Salzes, Safes, Aales, Salems, Tales, Als, James, Alles, Maler, Falls, Saale, Samen, Sees, Tages, Altes, Halbes, Hals
Salzfurtkapelle => Salzkultkapelle, Salzgurtkapelle, Salzkurzkapelle, Salzartkapelle, Salzburgkapelle, Salzfestkapelle, Salzeurokapelle, Salzluftkapelle, Salzturmkapelle, Salzwortkapelle, Salzhartkapelle, Salzkurskapelle, Salzfernkapelle, Salzwertkapelle, Salzbartkapelle, Salzhutkapelle, Salzlustkapelle, Salzwurfkapelle, Salzwutkapelle, Salzbuntkapelle
Samotlor => 
SARASTRO => 
Sasuke => Maske, Pauke, Baske, Sake, Sauce, Saure, Sacke, Saue, Saufe, Sauge, Sause, Sauste, Saute, Spuke
scharm => Scharm
Scheffler => Schiffer, Schaffner, Scheffel, Schnüffler, Scheffels, Scheffeln, Scheffle, Scheeler, Scheffele, Scheffelt, Schofler
schein => Schein, Aschern, schieß, schleif, schrei
schnabte => schabte, schnaubte, scharte, schaute, schwebte, schnürte, schnappte, schraubte, schabe, schnalle, schabt, schabten, schabtet, schalte, schanzte, schnallte, schnalze, schnalzte, schnappe, schnarre
Schnack => Schmuck, Schach, Schock, Schlick, Schnecke, Schrank, Scheck, Schmach, Schnaps, Schreck, Schalk, Schluck, Schnake, Schnarch, Schnucki, Schwank, Snack, Schwach, Schlank, Schick
schweizer => Schweizer
schwellwertes => Schnellwertes, schnell-wertes, schwer-wertes, Schwellwerkes, Schwellwerte, Schwellwerten, Schwellwerts
Sebold => Sebald, Gerold, Herold, Kobold, Sebalds, Sold, Sobald
Sehenwunigkeiten => 
sehst => sehnt, gehst, siehst, sechst, seht, seist, stehst, sahst, sehnst, senst, wehst, seit, erst, sehr, selbst, geht, meist, sechs, sehen, steht
seladongrün => 
selbstcoaching => 
Sicherheitswissenschaftenügen => 
Sintflutwarnung => Singflutwarnung, Mitflutwarnung, Einflutwarnung, Sitzflutwarnung, Sichtflutwarnung, Kinoflutwarnung, Stiftflutwarnung, Windflutwarnung, Sandflutwarnung, Zinkflutwarnung, Zinnflutwarnung, Buntflutwarnung, Diätflutwarnung, Kinnflutwarnung, Saftflutwarnung, Zinsflutwarnung, Sektflutwarnung, Senfflutwarnung, Zimtflutwarnung, Giftflutwarnung
Skyrim => Styrum
Spartenaufgrabung => 
speacialzert => 
Speiübel => Beiübel, Speichel, Zweiübel, Dreiübel, Freiübel, Seeübel, Spielübel, Steinübel, Spurübel, Bleiübel, Seilübel, Spaßübel, Speckübel, See-übel, Skiübel, Spamübel, Speiseübel, Sperrübel, Spreizübel, Spähübel
Sponsorenquadratmeters => 
Sport-Thieme => Sport-Heime, Sport-Hiebe, Sport-Kieme
STAASTBÜRGERSCHAFT => 
Stahlskelettbauten => 
Stöcker => Stecker, Stöcke, Stöcken, Sticker, Stücke, Stücken, Stückes, Höcker, Stecher, Strecker, Stalker, Stoiker, Stricker, Störer, Steckers, Stockes, Spicker, Stecken, Steckern, Stickern
Stoke => Steve, Stufe, Stärke, Stücke, Stoff, Stoffe, Tote, Atome, Stile, Silke, Stele, Stäbe, Spike, Stege, Stoa, Stolpe, Stube, Stute, Stöcke, Stöße
Studentcodes => 
Studentwohnung => 
sunscreen => 
Surface => Sulfate, Surfe, Surfte
Suspend-Modus => Suppen-Modus
Suva => Susa, Jura, Eva, Java, Kuba, Sudan, Luca, Sara, Suhl, Juda, Lava, Puma, Sima, Sulz, Duma, Sauna, Sofa, Soja, Stoa, Lula
Tali => Tal, Tals, Bali, Talg, Dali, Jali, Kali, Mali, Tai, Talk, Taxi, Als, Mai, Juli, Bald, Galt, Fall, Tag, Tage, Alt
Tambpanni => 
Tanzaniten => Tanzarten, Manganiten, Tanzzeiten, Tanzweiten, Tanzasien, Tanzbriten, Tanzknoten, Tanzleiten, Tanzakten, Tanzaktien, Tanzasiaten, Tanzanden, Tanzsaiten, Tanzreiten, Tanzeliten, Tanzenten, Tanzriten, Tanznisten, Tanzanionen, Tanzarien
Tätigkeitsphäre => Tätigkeitssphäre, Tätigkeitsphase, Tätigkeitspläne, Tätigkeitsehre, Tätigkeitspaare, Tätigkeitschöre, Tätigkeitsfähre, Tätigkeitsprärie, Tätigkeitsähre, Tätigkeitsohre, Tätigkeitsmohäre, Tätigkeitsmäre, Tätigkeitspatre, Tätigkeitspiere, Tätigkeitspore, Tätigkeitszähre, Tätigkeitshure
Tatsacheist => Tatscheit, Tatschest, Tatsacheis, Tatsachrist, Tatsacheis-, Tatsachlist, Tatsachmist, Tatsachfest, Tatsachliste, Tatsachwest, Tatsacheier, Tatsachgeist, Tatsachost, Tatsachrest, Tatsacheisen, Tatsachgast, Tatsachhits, Tatsachnest, Tatsachpest, Tatsachriss
Teakbaeume => Teakbäume, Teakbäumen, Teakbaum, Teakbaumes, Teakbaums
Teiresias => Theresias, Teresas
temperaturabhänig => temperaturabhängig, temperaturabhängige
Temp => Tempo, Dem, Team, Teams, Text, Thema, Typ, Tempel, Tim, Sepp, Tee, Wem, Hemd, Kamp, Teig, Terme, Terz, Timo, Depp, Jeep
tendens => Mendens, Sendens, Wendens, enden, wenden, Tendenz, senden, Denkens, Rennens, Senders, Menden, Leidens, endend, Pendels, Lenden, Mendels, Redens, Ahndens, Beendens, Bindens
Teotihuacan => Teotihuacán, Teotihuacáns
Thiel => Thiol, Hier, Titel, Fiel, Hielt, Viel, Spiel, Teile, Ziel, Hieß, Kiel, Chile, Tier, Trier, Tafel, Biel, Stiel, Theo, Ariel, Thale
THMS => SMS, TuS, HTML, VHS, AHS, CMS, IHS, TCM, THC, THW, TLS
Tiefkuhlkost => Tiefkuhkost, Tiefkuh-kost, Tiefkuhfrost, Tiefkuhlaos, Tiefkuhlust, Tiefkuhrost, Tiefkuhtrost, Tiefkuhpost, Tiefkuhdrost, Tiefkuh-post, Tiefkuhhost, Tiefkuhlast, Tiefkuhlist, Tiefkuhlos, Tiefkuhlose, Tiefkuhlot, Tiefkuhmost, Tiefkohleost, Tiefkalkost, Tiefkuhost
To-Do-Liste => To-do-Liste, To-do-Listen
Tölzel => Tölpel, Tölzer, Hölzer, Tölz, Tölpeln, Tölpels, Töltes, Tölzern, Tölzers, Tänzel
Tops => Typs, Topf, Tors, Topas, Mops, Tods, Tons, Top, Top-, Topfs, Topos, Topp, Tod, Kopf, Tode, Tor, Tore, Tour, Typ, Los
Torsionsschwingung => 
tradiziononen => 
TTS-Software => Tat-Software, Tee-Software, Ton-Software, Top-Software, Tor-Software, Tür-Software
Tunienhecke => Linienhecke, Kundenhecke, Tunnelhecke, Turnierhecke, Tannenhecke, Zungenhecke, Tintenhecke, Tulpenhecke, Lungenhecke
Tuxer => Tuner, Außer, Guter, Tier, Trier, Quer, Tiger, Tower, Turner, Täter, Boxer, Huber, Taler, Täler, Täufer, Auer, Euler, Ruder, Texter, Tudor
Twin => Tein, In, Ein, Wie, Sein, Hin, Kein, Rein, Wir, Main, Bin, Min, Turin, Wein, Fein, Mein, Erwin, Iwan, Tim, Trio
Umwelschutzung => 
uncheviriges => 
undhumorvller => 
Universalitätsklasse => 
untergezeichnet => unterzeichnet, unter gezeichnet
unterstizung => 
unterstutzung => 
Ünterstüzung => 
Up-Stream-Ansatz => 
Urgh => Früh, Utah, Uran, UrhG, Urin, Froh, Roh, Gogh, Ural, Uri, Urne, Urs, Arg, Unruh, Ergo, Urahn, Dreh, Ur, Urdu, Ure
Uzumaki => 
u.zw => 
Velden => Velten, Helden, Melden, Velen, Verden, Werden, Beiden, Bilden, Gelten, Selben, Selten, Jeden, Helfen, Zellen, Enden, Geladen, Gelben, Hellen, Leiden, Wenden
Venturi-Düse => 
verallgemeinung => 
Veraten....verraten. => 
Verbindungversuchen => Verbindungsversuchen, Verbindung versuchen
Ver => Der, Er, Her, Per, Wer, Oer, Vera, Verb, Verl, Vers, Vier, Vor, Den, Des, Dem, Für, War, Über, Bei, Es
vergeizt => verheizt, vergeigt, versetzt, verteilt, verletzt, vereint, vergibt, verleiht, verweist, verneint, vernetzt, gereizt, vergeht, verzeiht, vereist, verreist, verweilt, verheilt, verheißt, verkeilt
Vergnügungsparke => Vergnügungspike, Vergnügung-park, Vergnügung-park-, Vergnügung-pauke, Vergnügungspanne, Vergnügungspate, Vergnügungspore
Verkleinerungsfähig => 
Verkn%C3%BCpfungstafel => 
vermarkt => vermerkt, vermarkte, verdankt, vermarktet, vermarkten, verarmt, vermacht, verpackt, verharrt, vermerkte, verwarnt, verwirkt, Heumarkt, verhakt, vernarrt, verkalkt, verargt, verbargt, verdarbt, verharzt
verspatunng => 
Verwahrschein => Vorfahrschein
vil => viel, via, Nil, vis, die, in, im, mit, von, ein, bis, sie, wie, vom, vor, vier, gilt, hin, teil, viele
VLAN => LAN, WLAN, FLN, VGA, VPN, VLSI, IBAN, LANs, LAT, TAN, WAN
VLT => VfB, RTL, VW, VfL, NT, PLZ, VfR, NL, OLG, PLO, TNT, VDE, VHS, FLN, ILO, KLM, VDI, DLL, GMT, ITT
Vontobel => 
vorkehrungungen => 
Voronoi => 
Vorställungsgeschpräch => 
Vorstellungsgespärch => Vorstellungsgespräch, Vorstellungsgespräche, Vorstellungsgesprächs
Vorstelungsgespräch => Vorstellungsgespräch
Wagnerianer => 
wahrsein => Jahrein, wahren, Fahrtein, wahrsten, Rohrsein, Bahrein, Zahnsein, Gewahrsein, Bohrsein, jahrein, Haarsein, wahrten, Ohrsein, wahr sein, Lahmsein, Nahesein, Barsein, Fahr-ein, Wehrsein, fahr-ein
währt- => währte, währt, fährt, wählte, wählt, wehrte, wehrt, nährt, nährte, wahrt, wahrte, wähnt, wähnte, jährte, währen, währten, Fahrt-, Fähr-, Fährte, Nähr-
Wallantin => Wallonin, Wallartig
Wandercomedy => 
Wärmung => Wirkung, Färbung, Werbung, Währung, Warnung, Wartung, Wertung, Gärung, Lähmung, Normung, Räumung, Widmung, Firmung, Zähmung, Dämmung, Härtung, Wägung, Formung, Wirrung, Wärmen
wegsortieret => 
Weihnachsgeschänke => 
Weihnachtsmart => Weihnachtart, Weihnacht smart, Weihnachtsart, Weihnachtsmarkt, Weihnachtsmark, Weihnachtsmars, Weihnachtsbart, Weihnachtsmaut, Weihnachtswart, Weihnachtskart, Weihnachtsmaat, Weihnachtsmast, Weihnachtspart, Weihnachtsmai, Weihnachtsmärz, Weihnachtsort, Weihnachtsmann, Weihnachtspark, Weihnachtsfort, Weihnachtslaut
weiterbildungs => 
weitherum => Zeitrum, weiterem, Leiterrum, weitere, Werterum, weiter, Beuterum, weiteren, Reiterrum, weiterer, Eliterum, weiteres, weitem, Reitrum, heiterem, Seitenrum, weither, Weiterrum, weicherem, weiter-
Weizenvollkorntoastbrötchens => 
werdemorgenkomen => 
wiederBilde => wiederfinde
wiederrufeich.dei => 
Wirtschaftstudent => Wirtschaftsstudent, Wirtschaftsjuden, Wirtschaftstalent, Wirtschaftstugend, Wirtschaftsbuden, Wirtschaftstuben, Wirtschaftsjuden-
Wirtsmaterials => Wirt-material-
Wirtsmaterial => Wirt-material-
Wissenbasis => Wissensbasis
Wohlrabedamm => 
Wohnung-Nr => Wohnungar
XBee => See, Idee, Tee, Klee, Spee, Bde, Bea, Beet, Bei, Ben, Beo, Bey, Beye, Böe, Fee, Lee, Nee, Ree, Über, Aber
XIX-ten => Fixten, Mixten
YANNIK => Yannik
Yousty.ch => 
zeitgenössiseschThema => 
Zertifizierungsprufungen => Zertifizierungsprüfungen
zukriegen => zufrieden, kriegen, zubringen, bekriegen, zufrieren, Aufkriegen, Bekriegen, abkriegen, abzukriegen, aufkriegen, zuckrigen, zufliegen, zuriefen, zuriegeln, zurieten, zustiegen, zutrieben, zu kriegen, rumkriegen
zulernen => lernen, erlernen, zulegen, zuwerfen, zulegten, Dazulernen, Erlernen, Luzernen, Umlernen, anlernen, anzulernen, auslernen, dazulernen, umlernen, umzulernen, zuleimen, zuleiten, zurennen, zu lernen
zumellden => zuzelnden, zugeladen
zusammenbestellt => zusammengestellt, zusammengestellte, zusammenstellt, zusammenbastelst, zusammenbastelt, zusammenbettelst, zusammenbettelt, zusammen bestellt
Zwischenkonklusion => 
